﻿Kode Barang;NUP;Nama Barang;Merk;Nilai Perolehan;Nilai Penyusutan;Nilai Buku;Nomor PSP;Tanggal PSP;Ket.;Tanggal Perolehan;Status Penggunaan
3050105048;3;LCD Projector/Infocus;PANASONIC TRUE XGA PTVX600A;21450000;21450000;0;KEP-1167/PJ.01/2016;2017-05-15;Rusak Berat;2016-04-12;Digunakan Sendiri Untuk Operasional Kantor
3050105052;1;Alat Perekam Suara (Voice Pen);SONNY;1480000;1480000;0;KEP-1167/PJ.01/2016;2017-05-15;Rusak Berat;2014-01-10;Digunakan Sendiri Untuk Operasional Kantor
3100102001;136;P.C Unit;HP Prodesk 400 G2;8930341;8930341;0;KEP-1167/PJ.01/2016;2017-05-15;Rusak Berat;2015-12-29;Digunakan Sendiri Untuk Operasional Kantor
3100102001;139;P.C Unit;HP Prodesk 400 G2;8930341;8930341;0;KEP-1167/PJ.01/2016;2017-05-15;Rusak Berat;2015-12-29;Digunakan Sendiri Untuk Operasional Kantor
3100102001;151;P.C Unit;;8250000;8250000;0;KEP-1167/PJ.01/2016;2017-05-15;Rusak Berat;2008-01-02;Digunakan Sendiri Untuk Operasional Kantor
3100102001;152;P.C Unit;DELL OPTIPLEX 745 MT;9280400;9280400;0;KEP-1167/PJ.01/2016;2017-05-15;Rusak Berat;2007-12-11;Digunakan Sendiri Untuk Operasional Kantor
3100102001;153;P.C Unit;DELL OPTIPLEX 745 MT;9280400;9280400;0;KEP-1167/PJ.01/2016;2017-05-15;Rusak Berat;2007-12-11;Digunakan Sendiri Untuk Operasional Kantor
3100102001;154;P.C Unit;Lenovo Thinkcentre M73;8496462;8496462;0;KEP-1167/PJ.01/2016;2017-05-15;Rusak Berat;2014-12-04;Digunakan Sendiri Untuk Operasional Kantor
3100102001;155;P.C Unit;Lenovo Thinkcentre M73;8496462;8496462;0;KEP-1167/PJ.01/2016;2017-05-15;Rusak Berat;2014-12-04;Digunakan Sendiri Untuk Operasional Kantor
3100102001;156;P.C Unit;Lenovo Thinkcentre M73;8496462;8496462;0;KEP-1167/PJ.01/2016;2017-05-15;Rusak Berat;2014-12-04;Digunakan Sendiri Untuk Operasional Kantor
3100102001;157;P.C Unit;Lenovo Thinkcentre M73;8496462;8496462;0;KEP-1167/PJ.01/2016;2017-05-15;Rusak Berat;2014-12-04;Digunakan Sendiri Untuk Operasional Kantor
3100102001;158;P.C Unit;Lenovo Thinkcentre M73;8496462;8496462;0;KEP-1167/PJ.01/2016;2017-05-15;Rusak Berat;2014-12-04;Digunakan Sendiri Untuk Operasional Kantor
3100102001;171;P.C Unit;LENOVO THINKCENTER M58;12485000;12485000;0;KEP-1167/PJ.01/2016;2017-05-15;Rusak Berat;2009-12-17;Digunakan Sendiri Untuk Operasional Kantor
3100102001;172;P.C Unit;LENOVO THINKCENTER M58;12485000;12485000;0;KEP-1167/PJ.01/2016;2017-05-15;Rusak Berat;2009-12-17;Digunakan Sendiri Untuk Operasional Kantor
3100102001;188;P.C Unit;Lenovo/ThinkCentre M72e;7666437;7666437;0;KEP-1167/PJ.01/2016;2017-05-15;Rusak Berat;2013-12-12;Digunakan Sendiri Untuk Operasional Kantor
3100102001;201;P.C Unit;HP Prodesk 400 G2;8930341;8930341;0;KEP-1167/PJ.01/2016;2017-05-15;Rusak Berat;2015-12-29;Digunakan Sendiri Untuk Operasional Kantor
3100102003;17;Note Book;Lenovo Thinkpad X250;15463359;15463359;0;KEP-3/PJ.01/2017;2017-01-09;Rusak Berat;2015-09-16;Digunakan Sendiri Untuk Operasional Kantor
3100102003;22;Note Book;Dell Latitude E7250;15502015;15502015;0;KEP-1699/PJ.01/2018;-;Rusak Berat;2015-12-28;Digunakan Sendiri Untuk Operasional Kantor
3100102003;23;Note Book;Dell Latitude E7250;15502015;15502015;0;KEP-1699/PJ.01/2018;-;Rusak Berat;2015-12-28;Digunakan Sendiri Untuk Operasional Kantor
3100203003;44;Printer (Peralatan Personal Komputer);;109890000;109890000;0;24/KM.6/WKN.08/KNL.02/2015;2015-05-19;Rusak Berat;2005-12-31;Digunakan Sendiri Untuk Operasional Kantor
3100203003;46;Printer (Peralatan Personal Komputer);Tally Genicom 2348;4438323;4438323;0;KEP-1167/PJ.01/2016;2017-05-15;Rusak Berat;2013-12-11;Digunakan Sendiri Untuk Operasional Kantor
3100203003;47;Printer (Peralatan Personal Komputer);HP LASERJET 401N;3300000;3300000;0;KEP-1167/PJ.01/2016;2017-05-15;Rusak Berat;2012-12-28;Digunakan Sendiri Untuk Operasional Kantor
3100203003;48;Printer (Peralatan Personal Komputer);TALLY GENICOM;87861300;87861300;0;KEP-1167/PJ.01/2016;2017-05-15;Rusak Berat;2007-12-11;Digunakan Sendiri Untuk Operasional Kantor
3100203004;7;Scanner (Peralatan Personal Komputer);CONTEX / HD 3650 PLUS;206250000;206250000;0;24/KM.6/WKN.08/KNL.02/2015;2015-05-19;Rusak Berat;2009-12-17;Digunakan Sendiri Untuk Operasional Kantor
3050104001;2;Lemari Besi/Metal;;692800;692800;0;KEP-1167/PJ.01/2016;2017-05-15;Rusak Berat;2005-12-31;Digunakan Sendiri Untuk Operasional Kantor
3050104001;3;Lemari Besi/Metal;;692800;692800;0;KEP-1167/PJ.01/2016;2017-05-15;Rusak Berat;2005-12-31;Digunakan Sendiri Untuk Operasional Kantor
3050104001;16;Lemari Besi/Metal;;5178600;5178600;0;KEP-1167/PJ.01/2016;2017-05-15;Rusak Berat;2015-09-14;Digunakan Sendiri Untuk Operasional Kantor
3050104002;10;Lemari Kayu;;590151;590151;0;KEP-1167/PJ.01/2016;2017-05-15;Rusak Berat;2005-12-31;Digunakan Sendiri Untuk Operasional Kantor
3050104002;16;Lemari Kayu;;497222;497222;0;KEP-1167/PJ.01/2016;2017-05-15;Rusak Berat;2005-12-31;Digunakan Sendiri Untuk Operasional Kantor
3050105002;1;Hydrant;;220000000;220000000;0;24/KM.6/WKN.08/KNL.02/2015;2015-05-19;Rusak Berat;2009-08-28;Digunakan Sendiri Untuk Operasional Kantor
3050201002;34;Meja Kerja Kayu;;180000;180000;0;KEP-1167/PJ.01/2016;2017-05-15;Rusak Berat;2005-12-31;Digunakan Sendiri Untuk Operasional Kantor
3050201002;36;Meja Kerja Kayu;;180000;180000;0;KEP-1167/PJ.01/2016;2017-05-15;Rusak Berat;2005-12-31;Digunakan Sendiri Untuk Operasional Kantor
3050201002;37;Meja Kerja Kayu;;180000;180000;0;KEP-1167/PJ.01/2016;2017-05-15;Rusak Berat;2005-12-31;Digunakan Sendiri Untuk Operasional Kantor
3050201002;39;Meja Kerja Kayu;;180000;180000;0;KEP-1167/PJ.01/2016;2017-05-15;Rusak Berat;2005-12-31;Digunakan Sendiri Untuk Operasional Kantor
3050201002;41;Meja Kerja Kayu;;180000;180000;0;KEP-1167/PJ.01/2016;2017-05-15;Rusak Berat;2005-12-31;Digunakan Sendiri Untuk Operasional Kantor
3050201002;43;Meja Kerja Kayu;;180000;180000;0;KEP-1167/PJ.01/2016;2017-05-15;Rusak Berat;2005-12-31;Digunakan Sendiri Untuk Operasional Kantor
3050201002;45;Meja Kerja Kayu;;180000;180000;0;KEP-1167/PJ.01/2016;2017-05-15;Rusak Berat;2005-12-31;Digunakan Sendiri Untuk Operasional Kantor
3050201002;46;Meja Kerja Kayu;;180000;180000;0;KEP-1167/PJ.01/2016;2017-05-15;Rusak Berat;2005-12-31;Digunakan Sendiri Untuk Operasional Kantor
3050201002;54;Meja Kerja Kayu;;180000;180000;0;KEP-1167/PJ.01/2016;2017-05-15;Rusak Berat;2005-12-31;Digunakan Sendiri Untuk Operasional Kantor
3050201002;55;Meja Kerja Kayu;;180000;180000;0;KEP-1167/PJ.01/2016;2017-05-15;Rusak Berat;2005-12-31;Digunakan Sendiri Untuk Operasional Kantor
3050201002;56;Meja Kerja Kayu;;180000;180000;0;KEP-1167/PJ.01/2016;2017-05-15;Rusak Berat;2005-12-31;Digunakan Sendiri Untuk Operasional Kantor
3050201002;57;Meja Kerja Kayu;;180000;180000;0;KEP-1167/PJ.01/2016;2017-05-15;Rusak Berat;2005-12-31;Digunakan Sendiri Untuk Operasional Kantor
3050201002;58;Meja Kerja Kayu;;180000;180000;0;KEP-1167/PJ.01/2016;2017-05-15;Rusak Berat;2005-12-31;Digunakan Sendiri Untuk Operasional Kantor
3050201002;59;Meja Kerja Kayu;;180000;180000;0;KEP-1167/PJ.01/2016;2017-05-15;Rusak Berat;2005-12-31;Digunakan Sendiri Untuk Operasional Kantor
3050201002;60;Meja Kerja Kayu;;180000;180000;0;KEP-1167/PJ.01/2016;2017-05-15;Rusak Berat;2005-12-31;Digunakan Sendiri Untuk Operasional Kantor
3050201002;61;Meja Kerja Kayu;;180000;180000;0;KEP-1167/PJ.01/2016;2017-05-15;Rusak Berat;2005-12-31;Digunakan Sendiri Untuk Operasional Kantor
3050201002;62;Meja Kerja Kayu;;184200;184200;0;KEP-1167/PJ.01/2016;2017-05-15;Rusak Berat;2005-12-31;Digunakan Sendiri Untuk Operasional Kantor
3050201002;63;Meja Kerja Kayu;;184200;184200;0;KEP-1167/PJ.01/2016;2017-05-15;Rusak Berat;2005-12-31;Digunakan Sendiri Untuk Operasional Kantor
3050201002;64;Meja Kerja Kayu;;184200;184200;0;KEP-1167/PJ.01/2016;2017-05-15;Rusak Berat;2005-12-31;Digunakan Sendiri Untuk Operasional Kantor
3050201002;65;Meja Kerja Kayu;;184200;184200;0;KEP-1167/PJ.01/2016;2017-05-15;Rusak Berat;2005-12-31;Digunakan Sendiri Untuk Operasional Kantor
3050201002;66;Meja Kerja Kayu;;184200;184200;0;KEP-1167/PJ.01/2016;2017-05-15;Rusak Berat;2005-12-31;Digunakan Sendiri Untuk Operasional Kantor
3050201002;67;Meja Kerja Kayu;;184200;184200;0;KEP-1167/PJ.01/2016;2017-05-15;Rusak Berat;2005-12-31;Digunakan Sendiri Untuk Operasional Kantor
3050201002;68;Meja Kerja Kayu;;184200;184200;0;KEP-1167/PJ.01/2016;2017-05-15;Rusak Berat;2005-12-31;Digunakan Sendiri Untuk Operasional Kantor
3050201002;69;Meja Kerja Kayu;;184200;184200;0;KEP-1167/PJ.01/2016;2017-05-15;Rusak Berat;2005-12-31;Digunakan Sendiri Untuk Operasional Kantor
3050201002;70;Meja Kerja Kayu;;184200;184200;0;KEP-1167/PJ.01/2016;2017-05-15;Rusak Berat;2005-12-31;Digunakan Sendiri Untuk Operasional Kantor
3050201002;71;Meja Kerja Kayu;;184200;184200;0;KEP-1167/PJ.01/2016;2017-05-15;Rusak Berat;2005-12-31;Digunakan Sendiri Untuk Operasional Kantor
3050201002;72;Meja Kerja Kayu;;184200;184200;0;KEP-1167/PJ.01/2016;2017-05-15;Rusak Berat;2005-12-31;Digunakan Sendiri Untuk Operasional Kantor
3050201002;73;Meja Kerja Kayu;;184200;184200;0;KEP-1167/PJ.01/2016;2017-05-15;Rusak Berat;2005-12-31;Digunakan Sendiri Untuk Operasional Kantor
3050201002;74;Meja Kerja Kayu;;184200;184200;0;KEP-1167/PJ.01/2016;2017-05-15;Rusak Berat;2005-12-31;Digunakan Sendiri Untuk Operasional Kantor
3050201002;75;Meja Kerja Kayu;;184200;184200;0;KEP-1167/PJ.01/2016;2017-05-15;Rusak Berat;2005-12-31;Digunakan Sendiri Untuk Operasional Kantor
3050201002;76;Meja Kerja Kayu;;184200;184200;0;KEP-1167/PJ.01/2016;2017-05-15;Rusak Berat;2005-12-31;Digunakan Sendiri Untuk Operasional Kantor
3050201002;77;Meja Kerja Kayu;;184200;184200;0;KEP-1167/PJ.01/2016;2017-05-15;Rusak Berat;2005-12-31;Digunakan Sendiri Untuk Operasional Kantor
3050201002;78;Meja Kerja Kayu;;184200;184200;0;KEP-1167/PJ.01/2016;2017-05-15;Rusak Berat;2005-12-31;Digunakan Sendiri Untuk Operasional Kantor
3050201002;102;Meja Kerja Kayu;;184200;184200;0;KEP-1167/PJ.01/2016;2017-05-15;Rusak Berat;2005-12-31;Digunakan Sendiri Untuk Operasional Kantor
3050201002;103;Meja Kerja Kayu;;184200;184200;0;KEP-1167/PJ.01/2016;2017-05-15;Rusak Berat;2005-12-31;Digunakan Sendiri Untuk Operasional Kantor
3050201002;104;Meja Kerja Kayu;;184200;184200;0;KEP-1167/PJ.01/2016;2017-05-15;Rusak Berat;2005-12-31;Digunakan Sendiri Untuk Operasional Kantor
3050201002;105;Meja Kerja Kayu;;184200;184200;0;KEP-1167/PJ.01/2016;2017-05-15;Rusak Berat;2005-12-31;Digunakan Sendiri Untuk Operasional Kantor
3050201002;106;Meja Kerja Kayu;;184200;184200;0;KEP-1167/PJ.01/2016;2017-05-15;Rusak Berat;2005-12-31;Digunakan Sendiri Untuk Operasional Kantor
3050201002;108;Meja Kerja Kayu;;184200;184200;0;KEP-1167/PJ.01/2016;2017-05-15;Rusak Berat;2005-12-31;Digunakan Sendiri Untuk Operasional Kantor
3050201002;109;Meja Kerja Kayu;;180000;180000;0;KEP-1167/PJ.01/2016;2017-05-15;Rusak Berat;2005-12-31;Digunakan Sendiri Untuk Operasional Kantor
3050201002;110;Meja Kerja Kayu;;180000;180000;0;KEP-1167/PJ.01/2016;2017-05-15;Rusak Berat;2005-12-31;Digunakan Sendiri Untuk Operasional Kantor
3050201003;78;Kursi Besi/Metal;;869294;869294;0;KMK 575/KM.3/PJ.01/2023;2023-11-10;Rusak Berat;2017-12-07;Digunakan Sendiri Untuk Operasional Kantor
3050201003;84;Kursi Besi/Metal;;869294;869294;0;KMK 575/KM.3/PJ.01/2023;2023-11-10;Rusak Berat;2017-12-07;Digunakan Sendiri Untuk Operasional Kantor
3050201003;132;Kursi Besi/Metal;;151825;151825;0;KEP-1167/PJ.01/2016;2017-05-15;Rusak Berat;2005-12-31;Digunakan Sendiri Untuk Operasional Kantor
3050201003;142;Kursi Besi/Metal;;151825;151825;0;KEP-1167/PJ.01/2016;2017-05-15;Rusak Berat;2005-12-31;Digunakan Sendiri Untuk Operasional Kantor
3050201003;143;Kursi Besi/Metal;;151825;151825;0;KEP-1167/PJ.01/2016;2017-05-15;Rusak Berat;2005-12-31;Digunakan Sendiri Untuk Operasional Kantor
3050201003;144;Kursi Besi/Metal;;151825;151825;0;KEP-1167/PJ.01/2016;2017-05-15;Rusak Berat;2005-12-31;Digunakan Sendiri Untuk Operasional Kantor
3050201003;146;Kursi Besi/Metal;;151825;151825;0;KEP-1167/PJ.01/2016;2017-05-15;Rusak Berat;2005-12-31;Digunakan Sendiri Untuk Operasional Kantor
3050201003;147;Kursi Besi/Metal;;151825;151825;0;KEP-1167/PJ.01/2016;2017-05-15;Rusak Berat;2005-12-31;Digunakan Sendiri Untuk Operasional Kantor
3050201003;148;Kursi Besi/Metal;;151825;151825;0;KEP-1167/PJ.01/2016;2017-05-15;Rusak Berat;2005-12-31;Digunakan Sendiri Untuk Operasional Kantor
3050201003;150;Kursi Besi/Metal;;900000;900000;0;KEP-1167/PJ.01/2016;2017-05-15;Rusak Berat;2005-12-31;Digunakan Sendiri Untuk Operasional Kantor
3050201003;151;Kursi Besi/Metal;;900000;900000;0;KEP-1167/PJ.01/2016;2017-05-15;Rusak Berat;2005-12-31;Digunakan Sendiri Untuk Operasional Kantor
3050201003;152;Kursi Besi/Metal;;900000;900000;0;KEP-1167/PJ.01/2016;2017-05-15;Rusak Berat;2005-12-31;Digunakan Sendiri Untuk Operasional Kantor
3050201003;153;Kursi Besi/Metal;;900000;900000;0;KEP-1167/PJ.01/2016;2017-05-15;Rusak Berat;2005-12-31;Digunakan Sendiri Untuk Operasional Kantor
3050201003;154;Kursi Besi/Metal;;900000;900000;0;KEP-1167/PJ.01/2016;2017-05-15;Rusak Berat;2005-12-31;Digunakan Sendiri Untuk Operasional Kantor
3050201003;155;Kursi Besi/Metal;;900000;900000;0;KEP-1167/PJ.01/2016;2017-05-15;Rusak Berat;2005-12-31;Digunakan Sendiri Untuk Operasional Kantor
3050201003;156;Kursi Besi/Metal;;900000;900000;0;KEP-1167/PJ.01/2016;2017-05-15;Rusak Berat;2005-12-31;Digunakan Sendiri Untuk Operasional Kantor
3050201003;157;Kursi Besi/Metal;;900000;900000;0;KEP-1167/PJ.01/2016;2017-05-15;Rusak Berat;2005-12-31;Digunakan Sendiri Untuk Operasional Kantor
3050201003;158;Kursi Besi/Metal;;900000;900000;0;KEP-1167/PJ.01/2016;2017-05-15;Rusak Berat;2005-12-31;Digunakan Sendiri Untuk Operasional Kantor
3050201003;160;Kursi Besi/Metal;;900000;900000;0;KEP-1167/PJ.01/2016;2017-05-15;Rusak Berat;2005-12-31;Digunakan Sendiri Untuk Operasional Kantor
3050201003;161;Kursi Besi/Metal;;900000;900000;0;KEP-1167/PJ.01/2016;2017-05-15;Rusak Berat;2005-12-31;Digunakan Sendiri Untuk Operasional Kantor
3050201003;162;Kursi Besi/Metal;;900000;900000;0;KEP-1167/PJ.01/2016;2017-05-15;Rusak Berat;2005-12-31;Digunakan Sendiri Untuk Operasional Kantor
3050201003;163;Kursi Besi/Metal;;900000;900000;0;KEP-1167/PJ.01/2016;2017-05-15;Rusak Berat;2005-12-31;Digunakan Sendiri Untuk Operasional Kantor
3050201003;164;Kursi Besi/Metal;;900000;900000;0;KEP-1167/PJ.01/2016;2017-05-15;Rusak Berat;2005-12-31;Digunakan Sendiri Untuk Operasional Kantor
3050201003;166;Kursi Besi/Metal;;900000;900000;0;KEP-1167/PJ.01/2016;2017-05-15;Rusak Berat;2005-12-31;Digunakan Sendiri Untuk Operasional Kantor
3050201003;167;Kursi Besi/Metal;;900000;900000;0;KEP-1167/PJ.01/2016;2017-05-15;Rusak Berat;2005-12-31;Digunakan Sendiri Untuk Operasional Kantor
3050201003;169;Kursi Besi/Metal;;900000;900000;0;KEP-1167/PJ.01/2016;2017-05-15;Rusak Berat;2005-12-31;Digunakan Sendiri Untuk Operasional Kantor
3050201003;170;Kursi Besi/Metal;;525000;525000;0;KEP-1167/PJ.01/2016;2017-05-15;Rusak Berat;2005-12-31;Digunakan Sendiri Untuk Operasional Kantor
3050201003;172;Kursi Besi/Metal;;525000;525000;0;KEP-1167/PJ.01/2016;2017-05-15;Rusak Berat;2005-12-31;Digunakan Sendiri Untuk Operasional Kantor
3050201003;173;Kursi Besi/Metal;;525000;525000;0;KEP-1167/PJ.01/2016;2017-05-15;Rusak Berat;2005-12-31;Digunakan Sendiri Untuk Operasional Kantor
3050201003;174;Kursi Besi/Metal;;525000;525000;0;KEP-1167/PJ.01/2016;2017-05-15;Rusak Berat;2005-12-31;Digunakan Sendiri Untuk Operasional Kantor
3050201003;175;Kursi Besi/Metal;;525000;525000;0;KEP-1167/PJ.01/2016;2017-05-15;Rusak Berat;2005-12-31;Digunakan Sendiri Untuk Operasional Kantor
3050201003;176;Kursi Besi/Metal;;525000;525000;0;KEP-1167/PJ.01/2016;2017-05-15;Rusak Berat;2005-12-31;Digunakan Sendiri Untuk Operasional Kantor
3050201003;180;Kursi Besi/Metal;iNDACHI PS53;2145000;2145000;0;KEP-1167/PJ.01/2016;2017-05-15;Rusak Berat;2012-12-14;Digunakan Sendiri Untuk Operasional Kantor
3050201003;195;Kursi Besi/Metal;;151825;151825;0;KEP-1167/PJ.01/2016;2017-05-15;Rusak Berat;2005-12-31;Digunakan Sendiri Untuk Operasional Kantor
3050201003;196;Kursi Besi/Metal;;151825;151825;0;KEP-1167/PJ.01/2016;2017-05-15;Rusak Berat;2005-12-31;Digunakan Sendiri Untuk Operasional Kantor
3050201003;200;Kursi Besi/Metal;;525000;525000;0;KEP-1167/PJ.01/2016;2017-05-15;Rusak Berat;2005-12-31;Digunakan Sendiri Untuk Operasional Kantor
3050201003;201;Kursi Besi/Metal;;525000;525000;0;KEP-1167/PJ.01/2016;2017-05-15;Rusak Berat;2005-12-31;Digunakan Sendiri Untuk Operasional Kantor
3050201003;202;Kursi Besi/Metal;;525000;525000;0;KEP-1167/PJ.01/2016;2017-05-15;Rusak Berat;2005-12-31;Digunakan Sendiri Untuk Operasional Kantor
3050201003;203;Kursi Besi/Metal;;525000;525000;0;KEP-1167/PJ.01/2016;2017-05-15;Rusak Berat;2005-12-31;Digunakan Sendiri Untuk Operasional Kantor
3050201003;204;Kursi Besi/Metal;;525000;525000;0;KEP-1167/PJ.01/2016;2017-05-15;Rusak Berat;2005-12-31;Digunakan Sendiri Untuk Operasional Kantor
3050201003;205;Kursi Besi/Metal;;525000;525000;0;KEP-1167/PJ.01/2016;2017-05-15;Rusak Berat;2005-12-31;Digunakan Sendiri Untuk Operasional Kantor
3050201003;206;Kursi Besi/Metal;;525000;525000;0;KEP-1167/PJ.01/2016;2017-05-15;Rusak Berat;2005-12-31;Digunakan Sendiri Untuk Operasional Kantor
3050201003;207;Kursi Besi/Metal;;525000;525000;0;KEP-1167/PJ.01/2016;2017-05-15;Rusak Berat;2005-12-31;Digunakan Sendiri Untuk Operasional Kantor
3050201003;208;Kursi Besi/Metal;;525000;525000;0;KEP-1167/PJ.01/2016;2017-05-15;Rusak Berat;2005-12-31;Digunakan Sendiri Untuk Operasional Kantor
3050201003;209;Kursi Besi/Metal;;525000;525000;0;KEP-1167/PJ.01/2016;2017-05-15;Rusak Berat;2005-12-31;Digunakan Sendiri Untuk Operasional Kantor
3050201003;210;Kursi Besi/Metal;;525000;525000;0;KEP-1167/PJ.01/2016;2017-05-15;Rusak Berat;2005-12-31;Digunakan Sendiri Untuk Operasional Kantor
3050201003;211;Kursi Besi/Metal;;525000;525000;0;KEP-1167/PJ.01/2016;2017-05-15;Rusak Berat;2005-12-31;Digunakan Sendiri Untuk Operasional Kantor
3050201003;212;Kursi Besi/Metal;;525000;525000;0;KEP-1167/PJ.01/2016;2017-05-15;Rusak Berat;2005-12-31;Digunakan Sendiri Untuk Operasional Kantor
3050201003;214;Kursi Besi/Metal;;525000;525000;0;KEP-1167/PJ.01/2016;2017-05-15;Rusak Berat;2005-12-31;Digunakan Sendiri Untuk Operasional Kantor
3050201003;215;Kursi Besi/Metal;;525000;525000;0;KEP-1167/PJ.01/2016;2017-05-15;Rusak Berat;2005-12-31;Digunakan Sendiri Untuk Operasional Kantor
3050201003;216;Kursi Besi/Metal;;151825;151825;0;KEP-1167/PJ.01/2016;2017-05-15;Rusak Berat;2005-12-31;Digunakan Sendiri Untuk Operasional Kantor
3050201003;218;Kursi Besi/Metal;;1900000;1900000;0;KEP-1167/PJ.01/2016;2017-05-15;Rusak Berat;2005-12-31;Digunakan Sendiri Untuk Operasional Kantor
3050201003;220;Kursi Besi/Metal;;1900000;1900000;0;KEP-1167/PJ.01/2016;2017-05-15;Rusak Berat;2005-12-31;Digunakan Sendiri Untuk Operasional Kantor
3050201003;221;Kursi Besi/Metal;;1900000;1900000;0;KEP-1167/PJ.01/2016;2017-05-15;Rusak Berat;2005-12-31;Digunakan Sendiri Untuk Operasional Kantor
3050201003;222;Kursi Besi/Metal;;1900000;1900000;0;KEP-1167/PJ.01/2016;2017-05-15;Rusak Berat;2005-12-31;Digunakan Sendiri Untuk Operasional Kantor
3050201003;223;Kursi Besi/Metal;;1900000;1900000;0;KEP-1167/PJ.01/2016;2017-05-15;Rusak Berat;2005-12-31;Digunakan Sendiri Untuk Operasional Kantor
3050201003;224;Kursi Besi/Metal;;1900000;1900000;0;KEP-1167/PJ.01/2016;2017-05-15;Rusak Berat;2005-12-31;Digunakan Sendiri Untuk Operasional Kantor
3050201003;226;Kursi Besi/Metal;;151825;151825;0;KEP-1167/PJ.01/2016;2017-05-15;Rusak Berat;2005-12-31;Digunakan Sendiri Untuk Operasional Kantor
3050201003;227;Kursi Besi/Metal;;1250000;1250000;0;KEP-1167/PJ.01/2016;2017-05-15;Rusak Berat;2005-12-31;Digunakan Sendiri Untuk Operasional Kantor
3050201003;228;Kursi Besi/Metal;;1900000;1900000;0;KEP-1167/PJ.01/2016;2017-05-15;Rusak Berat;2005-12-31;Digunakan Sendiri Untuk Operasional Kantor
3050201003;229;Kursi Besi/Metal;;1900000;1900000;0;KEP-1167/PJ.01/2016;2017-05-15;Rusak Berat;2005-12-31;Digunakan Sendiri Untuk Operasional Kantor
3050201003;230;Kursi Besi/Metal;;1900000;1900000;0;KEP-1167/PJ.01/2016;2017-05-15;Rusak Berat;2005-12-31;Digunakan Sendiri Untuk Operasional Kantor
3050201003;234;Kursi Besi/Metal;;151825;151825;0;KEP-1167/PJ.01/2016;2017-05-15;Rusak Berat;2005-12-31;Digunakan Sendiri Untuk Operasional Kantor
3050201005;6;Sice;;800000;800000;0;KEP-1167/PJ.01/2016;2017-05-15;Rusak Berat;2005-12-31;Digunakan Sendiri Untuk Operasional Kantor
3050204004;2;A.C. Split;;9500000;9500000;0;KMK 575/KM.3/PJ.01/2023;2023-11-10;Rusak Berat;2017-07-05;Digunakan Sendiri Untuk Operasional Kantor
3050204004;3;A.C. Split;;9500000;9500000;0;KMK 575/KM.3/PJ.01/2023;2023-11-10;Rusak Berat;2017-07-05;Digunakan Sendiri Untuk Operasional Kantor
3050204004;12;A.C. Split;;8800000;8800000;0;KEP-1167/PJ.01/2016;2017-05-15;Rusak Berat;2009-08-28;Digunakan Sendiri Untuk Operasional Kantor
3050204004;13;A.C. Split;;8800000;8800000;0;KEP-1167/PJ.01/2016;2017-05-15;Rusak Berat;2009-08-28;Digunakan Sendiri Untuk Operasional Kantor
3050204004;32;A.C. Split;;2575000;2575000;0;KEP-1167/PJ.01/2016;2017-05-15;Rusak Berat;2005-12-31;Digunakan Sendiri Untuk Operasional Kantor
3050204004;42;A.C. Split;;23650000;23650000;0;KEP-1167/PJ.01/2016;2017-05-15;Rusak Berat;2009-08-28;Digunakan Sendiri Untuk Operasional Kantor
3050204004;44;A.C. Split;;23650000;23650000;0;KEP-1167/PJ.01/2016;2017-05-15;Rusak Berat;2009-08-28;Digunakan Sendiri Untuk Operasional Kantor
3050204004;45;A.C. Split;;23650000;23650000;0;KEP-1167/PJ.01/2016;2017-05-15;Rusak Berat;2009-08-28;Digunakan Sendiri Untuk Operasional Kantor
3050204004;46;A.C. Split;;8299170;8299170;0;KEP-1167/PJ.01/2016;2017-05-15;Rusak Berat;2005-12-31;Digunakan Sendiri Untuk Operasional Kantor
3050204007;1;Exhause Fan;;544500;544500;0;KEP-1167/PJ.01/2016;2017-05-15;Rusak Berat;2009-08-28;Digunakan Sendiri Untuk Operasional Kantor
3050204007;2;Exhause Fan;;544500;544500;0;KEP-1167/PJ.01/2016;2017-05-15;Rusak Berat;2009-08-28;Digunakan Sendiri Untuk Operasional Kantor
3050204007;5;Exhause Fan;;544500;544500;0;KEP-1167/PJ.01/2016;2017-05-15;Rusak Berat;2009-08-28;Digunakan Sendiri Untuk Operasional Kantor
3050204007;16;Exhause Fan;;544500;544500;0;KEP-1167/PJ.01/2016;2017-05-15;Rusak Berat;2009-08-28;Digunakan Sendiri Untuk Operasional Kantor
3050204007;21;Exhause Fan;;544500;544500;0;KEP-1167/PJ.01/2016;2017-05-15;Rusak Berat;2009-08-28;Digunakan Sendiri Untuk Operasional Kantor
3050204007;24;Exhause Fan;;544500;544500;0;KEP-1167/PJ.01/2016;2017-05-15;Rusak Berat;2009-08-28;Digunakan Sendiri Untuk Operasional Kantor
3050204007;25;Exhause Fan;;544500;544500;0;KEP-1167/PJ.01/2016;2017-05-15;Rusak Berat;2009-08-28;Digunakan Sendiri Untuk Operasional Kantor
3050204007;26;Exhause Fan;;544500;544500;0;KEP-1167/PJ.01/2016;2017-05-15;Rusak Berat;2009-08-28;Digunakan Sendiri Untuk Operasional Kantor
3050204007;27;Exhause Fan;;544500;544500;0;KEP-1167/PJ.01/2016;2017-05-15;Rusak Berat;2009-08-28;Digunakan Sendiri Untuk Operasional Kantor
3050206008;2;Sound System;RASCHSEHR;3795000;3795000;0;KEP-1167/PJ.01/2016;2017-05-15;Rusak Berat;2012-07-29;Digunakan Sendiri Untuk Operasional Kantor
3050206036;3;Dispenser;Denpoo;2376000;1663200;712800;435/KM.3/PJ.01/2024;2024-07-04;Rusak Berat;2021-11-16;Digunakan Sendiri Untuk Operasional Kantor
3050206036;10;Dispenser;Denpoo;2376000;1663200;712800;435/KM.3/PJ.01/2024;2024-07-04;Rusak Berat;2021-11-16;Digunakan Sendiri Untuk Operasional Kantor
3060201003;18;Pesawat Telephone;PANASONIC;346500;346500;0;KEP-1167/PJ.01/2016;2017-05-15;Rusak Berat;2010-08-02;Digunakan Sendiri Untuk Operasional Kantor
3060201003;19;Pesawat Telephone;PANASONIC;346500;346500;0;KEP-1167/PJ.01/2016;2017-05-15;Rusak Berat;2010-08-02;Digunakan Sendiri Untuk Operasional Kantor
3060201003;29;Pesawat Telephone;PANASONIC;346500;346500;0;KEP-1167/PJ.01/2016;2017-05-15;Rusak Berat;2010-08-02;Digunakan Sendiri Untuk Operasional Kantor
3060201003;30;Pesawat Telephone;PANASONIC;346500;346500;0;KEP-1167/PJ.01/2016;2017-05-15;Rusak Berat;2010-08-02;Digunakan Sendiri Untuk Operasional Kantor
3060201003;31;Pesawat Telephone;PANASONIC;346500;346500;0;KEP-1167/PJ.01/2016;2017-05-15;Rusak Berat;2010-08-02;Digunakan Sendiri Untuk Operasional Kantor
3100102001;120;P.C Unit;HP Prodesk 400 G2;8930341;8930341;0;KEP-1167/PJ.01/2016;2017-05-15;Rusak Berat;2015-12-29;Digunakan Sendiri Untuk Operasional Kantor
3100102001;122;P.C Unit;HP Prodesk 400 G2;8930341;8930341;0;KEP-1167/PJ.01/2016;2017-05-15;Rusak Berat;2015-12-29;Digunakan Sendiri Untuk Operasional Kantor
3100102001;145;P.C Unit;DELL OPTIPLEX 745 MT;9280400;9280400;0;KEP-1167/PJ.01/2016;2017-05-15;Rusak Berat;2007-12-11;Digunakan Sendiri Untuk Operasional Kantor
3100102001;146;P.C Unit;DELL OPTIPLEX 745 MT;9280400;9280400;0;KEP-1167/PJ.01/2016;2017-05-15;Rusak Berat;2007-12-11;Digunakan Sendiri Untuk Operasional Kantor
3100102001;147;P.C Unit;DELL OPTIPLEX 745 MT;9280400;9280400;0;KEP-1167/PJ.01/2016;2017-05-15;Rusak Berat;2007-12-11;Digunakan Sendiri Untuk Operasional Kantor
3100102001;148;P.C Unit;DELL OPTIPLEX 745 MT;9280400;9280400;0;KEP-1167/PJ.01/2016;2017-05-15;Rusak Berat;2007-12-11;Digunakan Sendiri Untuk Operasional Kantor
3100102001;149;P.C Unit;DELL OPTIPLEX 745 MT;9280400;9280400;0;KEP-1167/PJ.01/2016;2017-05-15;Rusak Berat;2007-12-11;Digunakan Sendiri Untuk Operasional Kantor
3100102001;150;P.C Unit;DELL OPTIPLEX 745 MT;9280400;9280400;0;KEP-1167/PJ.01/2016;2017-05-15;Rusak Berat;2007-12-11;Digunakan Sendiri Untuk Operasional Kantor
3100102001;174;P.C Unit;DELL OPTIPLEX 745 MT;9280400;9280400;0;KEP-1167/PJ.01/2016;2017-05-15;Rusak Berat;2007-12-11;Digunakan Sendiri Untuk Operasional Kantor
3100102001;189;P.C Unit;Lenovo/ThinkCentre M72e;7666437;7666437;0;KEP-1167/PJ.01/2016;2017-05-15;Rusak Berat;2013-12-12;Digunakan Sendiri Untuk Operasional Kantor
3100102001;192;P.C Unit;Lenovo/ThinkCentre M72e;7666437;7666437;0;KEP-1167/PJ.01/2016;2017-05-15;Rusak Berat;2013-12-12;Digunakan Sendiri Untuk Operasional Kantor
3100102001;196;P.C Unit;Lenovo/ThinkCentre M72e;7666437;7666437;0;KEP-1167/PJ.01/2016;2017-05-15;Rusak Berat;2013-12-12;Digunakan Sendiri Untuk Operasional Kantor
3100102001;197;P.C Unit;Lenovo/ThinkCentre M72e;7666437;7666437;0;KEP-1167/PJ.01/2016;2017-05-15;Rusak Berat;2013-12-12;Digunakan Sendiri Untuk Operasional Kantor
3100102001;198;P.C Unit;Lenovo/ThinkCentre M72e;7666437;7666437;0;KEP-1167/PJ.01/2016;2017-05-15;Rusak Berat;2013-12-12;Digunakan Sendiri Untuk Operasional Kantor
3100102001;206;P.C Unit;HP COMPAQ 6005 PRO BUSINESS PC;9034807;9034807;0;KEP-1167/PJ.01/2016;2017-05-15;Rusak Berat;2010-12-09;Digunakan Sendiri Untuk Operasional Kantor
3100102001;207;P.C Unit;HP COMPAQ 6005 PRO BUSINESS PC;9034807;9034807;0;KEP-1167/PJ.01/2016;2017-05-15;Rusak Berat;2010-12-09;Digunakan Sendiri Untuk Operasional Kantor
3100102001;209;P.C Unit;HP COMPAQ 6005 PRO BUSINESS PC;9034807;9034807;0;KEP-1167/PJ.01/2016;2017-05-15;Rusak Berat;2010-12-09;Digunakan Sendiri Untuk Operasional Kantor
3100102001;210;P.C Unit;HP Prodesk 400 G2;8930341;8930341;0;KEP-1167/PJ.01/2016;2017-05-15;Rusak Berat;2015-12-29;Digunakan Sendiri Untuk Operasional Kantor
3100102001;213;P.C Unit;HP Prodesk 400 G2;8930341;8930341;0;KEP-1167/PJ.01/2016;2017-05-15;Rusak Berat;2015-12-29;Digunakan Sendiri Untuk Operasional Kantor
3100102001;219;P.C Unit;Lenovo Thinkcentre M73;8496462;8496462;0;KEP-2087-/PJ.01/2019;2019-05-06;Rusak Berat;2014-12-04;Digunakan Sendiri Untuk Operasional Kantor
3100102003;2;Note Book;Lenovo Thinkpad X250;15463359;15463359;0;KEP-3/PJ.01/2017;2017-01-09;Rusak Berat;2015-09-16;Digunakan Sendiri Untuk Operasional Kantor
3100102003;5;Note Book;Lenovo Thinkpad X250;15463359;15463359;0;KEP-3/PJ.01/2017;2017-01-09;Rusak Berat;2015-09-16;Digunakan Sendiri Untuk Operasional Kantor
3100102003;6;Note Book;Lenovo Thinkpad X250;15463359;15463359;0;KEP-3/PJ.01/2017;2017-01-09;Rusak Berat;2015-09-16;Digunakan Sendiri Untuk Operasional Kantor
3100102003;8;Note Book;Lenovo Thinkpad X250;15463359;15463359;0;KEP-3/PJ.01/2017;2017-01-09;Rusak Berat;2015-09-16;Digunakan Sendiri Untuk Operasional Kantor
3100102003;10;Note Book;Lenovo Thinkpad X250;15463359;15463359;0;KEP-3/PJ.01/2017;2017-01-09;Rusak Berat;2015-09-16;Digunakan Sendiri Untuk Operasional Kantor
3100102003;11;Note Book;Lenovo Thinkpad X250;15463359;15463359;0;KEP-3/PJ.01/2017;2017-01-09;Rusak Berat;2015-09-16;Digunakan Sendiri Untuk Operasional Kantor
3100102003;12;Note Book;Lenovo Thinkpad X250;15463359;15463359;0;KEP-3/PJ.01/2017;2017-01-09;Rusak Berat;2015-09-16;Digunakan Sendiri Untuk Operasional Kantor
3100204001;2;Server;;24145610;24145610;0;KEP-1167/PJ.01/2016;2017-05-15;Rusak Berat;2005-12-31;Digunakan Sendiri Untuk Operasional Kantor
3100204001;3;Server;DELL POWEREDGE;65346900;65346900;0;KEP-1167/PJ.01/2016;2017-05-15;Rusak Berat;2007-12-11;Digunakan Sendiri Untuk Operasional Kantor
3100299999;1;Peralatan Komputer Lainnya;Toshiba;950000;950000;0;KMK 575/KM.3/PJ.01/2023;2023-11-10;Rusak Berat;2015-10-12;Digunakan Sendiri Untuk Operasional Kantor